tipo,file,uso,fonte,url,stato
card_mancante,outputs/reel_parigi_9mq/card/01_minimo_legale_9mq_parigi.png,Tu vivresti in 9 metri quadri?,"Service Public France, fiche F34905, verificata 21 marzo 2025",https://www.service-public.gouv.fr/particuliers/vosdroits/F34905,creata
card_mancante,outputs/reel_parigi_9mq/card/02_controllo_affitti_apur.png,A Parigi ha frenato i canoni,"APUR, The impact of rent control in Paris in 2024, giugno 2025",https://www.apur.org/en/housing-dwelling/housing-stock-evolution/impact-rent-control-paris,creata
card_mancante,outputs/reel_parigi_9mq/card/03_plu_riabilitazione_verde.png,Aggiungere offerta è difficile,"Ville de Paris, Plan local d'urbanisme bioclimatique, aggiornato 16 aprile 2026",https://www.paris.fr/pages/plan-local-d-urbanisme-bioclimatique-vers-un-paris-plus-vert-et-plus-solidaire-23805,creata
card_mancante,outputs/reel_parigi_9mq/card/04_plu_plafonds_hauteurs.png,Il PLU mappa i plafonds des hauteurs,"Paris Open Data, PLU bioclimatique - Plafonds des hauteurs",https://opendata.paris.fr/explore/dataset/plub_hauteur/,creata
card_mancante,outputs/reel_parigi_9mq/card/05_case_non_occupate_parigi.png,A Parigi quasi una casa su cinque è non occupata,"APUR, Unoccupied housing in Paris, dicembre 2023",https://www.apur.org/en/housing-dwelling/private-housing-stock/unoccupied-housing-paris,creata
card_mancante,outputs/reel_parigi_9mq/card/06_case_non_occupate_arrondissement.png,In alcuni arrondissement si arriva intorno a un terzo dello stock,"APUR, Unoccupied housing in Paris, dicembre 2023",https://www.apur.org/en/housing-dwelling/private-housing-stock/unoccupied-housing-paris,creata
card_mancante,outputs/reel_parigi_9mq/card/07_italia_stock_abitazioni_istat.png,In Italia le case esistono. Il punto è dove e come rientrano nel mercato.,"ISTAT, Abitazioni occupate, pubblicato 11 febbraio 2026",https://www.istat.it/comunicato-stampa/abitazioni-occupate/,creata
card_mancante,outputs/reel_parigi_9mq/card/08_studentati_mur.png,Più studentati dove c'è domanda universitaria,"MUR, pacchetto housing universitario, 26 febbraio 2024",https://www.mur.gov.it/it/news/lunedi-26022024/universita-ecco-il-pacchetto-housing-procedure-semplificate-e-bando-da-12-mld,creata
grafico_esistente,outputs/reel_parigi_9mq/grafici/01_parigi_milano_affitti_prezzi_redditi.png,"Confronto diretto Parigi-Milano su affitti, prezzi e rapporto con redditi.",Fonte indicata nel footer del grafico,,copiato
grafico_esistente,outputs/reel_parigi_9mq/grafici/02_prezzi_affitti_redditi_inflazione.png,"Prezzi, affitti, redditi e inflazione: Francia, Italia e UE27.",Fonte indicata nel footer del grafico,,copiato
grafico_esistente,outputs/reel_parigi_9mq/grafici/03_rapporto_prezzi_reddito_ocse.png,"Contesto OCSE sul rapporto prezzi/redditi, con Italia.",Fonte indicata nel footer del grafico,,copiato
grafico_esistente,outputs/reel_parigi_9mq/grafici/04_rapporto_prezzi_affitti_ocse.png,"Contesto OCSE sul rapporto prezzi/affitti, con Italia.",Fonte indicata nel footer del grafico,,copiato
grafico_esistente,outputs/reel_parigi_9mq/grafici/05_permessi_costruzione_abitazioni.png,Offerta: indice dei permessi di costruzione abitazioni.,Fonte indicata nel footer del grafico,,copiato
grafico_esistente,outputs/reel_parigi_9mq/grafici/06_investimenti_abitazioni_pil.png,Offerta: investimenti in abitazioni in percentuale del PIL.,Fonte indicata nel footer del grafico,,copiato
grafico_esistente,outputs/reel_parigi_9mq/grafici/07_case_non_occupate_eurostat.png,Stock abitativo non occupato: confronto europeo con Francia e Italia.,Fonte indicata nel footer del grafico,,copiato
grafico_esistente,outputs/reel_parigi_9mq/grafici/08_abitazioni_vuote_stagionali_ocse.png,"Contesto OCSE su abitazioni vuote o stagionali, con Italia.",Fonte indicata nel footer del grafico,,copiato
grafico_esistente,outputs/reel_parigi_9mq/grafici/09_stock_abitazioni_italia.png,Contesto Italia: stock abitativo totale.,Fonte indicata nel footer del grafico,,copiato
grafico_esistente,outputs/reel_parigi_9mq/grafici/10_sovraccarico_costi_inquilini.png,Effetto sociale: peso dei costi abitativi per gli inquilini.,Fonte indicata nel footer del grafico,,copiato
